{"cameraMode":{"drawMode":0,"name":"Shaded","section":"Shading Mode"},"sceneLighting":false,"audioPlay":false,"sceneViewState":{"showFog":true,"showMaterialUpdate":false,"showSkybox":false,"showFlares":true,"showImageEffects":true,"showParticleSystems":true},"in2DMode":false,"pivot":{"x":3.4719998836517336,"y":2.330941677093506,"z":0.5820000171661377},"rotation":{"x":0.029311304911971093,"y":-0.07489729672670365,"z":0.002202495001256466,"w":0.9967572093009949},"size":9.689027786254883,"orthographic":true}